"Nom de l'image","Image","Image
(masques)","Reponse","Elements
interactibles description","","Couleur","Hexa","Explication Bravo","Explication Dommage","Indice"
"Image","Images/FPF_Image7.jpg","Images/FPF_Image7_M.png","Fake","Lejournaldesfakesnews : bizarre ce nom de rédaction !","","Rouge","E30613","Il s'agissait bien d'une fausse information créée de toutes pièces pour s'entraîner !","Tu avais bien été attentif à l'auteur de l'article ? Il était écrit ""Le journal des Fake News"" !","Tu peux lire l'article en entier en scrollant l'image ! Essaie de cliquer sur les noms, titres et sources de l'article pour trouver des indices qui te permettront de savoir si ce contenu est faux ou non."
"","","","","Qui sont ces fameux chercheurs ? C'est assez vague quand même ...","","Vert","3AAA35","","",""
"Image","Images/FPF_Image8.jpg","Images/FPF_Image8_M.png","Fiable","Le Temps : est un quotidien suisse édité à Genève qui existe depuis 1998.","","Vert","3AAA35","Ca paraît fou mais c'est pourtant vrai ! Même si le titre est un peu aguicheur, et que l'on comprend vite qu'il n'est pas encore vraiment possible de ""lire les rêves"".","C'était bel et bien une vraie info ! Il est compréhensible que tu n'y ais pas cru avec ce titre un peu aguicheur, mais la journaliste est connue et parle d'une étude publiée dans un journal scientifique reconnu.","Tu peux lire l'article en entier en scrollant l'image ! Essaie de cliquer sur les noms, titres et sources de l'article pour trouver des indices qui te permettront de savoir si ce contenu est faux ou non."
"","","","","Lucia Sillig : avec une petite recherche sur internet, on apprend que Lucia Sillig est journaliste scientifique, notamment auprès de la Radio Télévision Suisse, l'équivalent de France Télévision et Radio France.","","Rouge","E30613","","",""
"","","","","L'article cite explicitement le nom d'un des auteurs de l'étude, et précise d'où il vient. C'est souvent un bon signe car outre le fait de pouvoir vérifier, ça montre que la journaliste fait preuve de déontologie journalistique.","","Jaune","FFED00","","",""
"","","","","Sciences : est une prestigieuse revue scientifique américaine hebdomadaire qui publie des articles dans tous les domaines scientifiques","","Orange","E94E1B","","",""
"Image","Images/FPF_Image1.png","Images/FPF_Image1_M.png","Fake","#NWO : Abréviation de New World Order qui signifie en français Nouvel Ordre Mondial. Le Nouvel ordre mondial est une théorie du complot qui entend dénoncer la tentative d'instauration d'un gouvernement mondial par une élite à son profit","","Vert","3AAA35","Ce tweet était bien une fake news, Olivier Demeulenaere est considéré par ses pairs scientifiques comme un complotiste. Sur sa publication, l'utilisation de hastags liés aux sphères complotistes était un bon indice !","Ce tweet était une fake news, Olivier Demeulenaere est bel est bien considéré comme complotiste ! Les hashtags de son tweet, qui sont communs chez les complotistes, auraient pû mettre la puce à l'oreille !","Tu peux lire l'article en entier en scrollant l'image ! Essaie de cliquer sur les noms, titres et sources de l'article pour trouver des indices qui te permettront de savoir si ce contenu est faux ou non."
"","","","","Olivierdemeulenaere.wordpress.com : Wordpress.com est un site très populaire permettant à n’importe qui et sans expérience en codage de créer un site web ou un blog.","","Orange","E94E1B","","",""
"","","","","#chemtrails : La théorie conspirationniste des chemtrails avance que certaines traînées blanches créées par le passage des avions en vol sont composées d'agents chimiques ou biologiques délibérément répandus en haute altitude par diverses agences gouvernementales pour des raisons dissimulées au grand public. 

Cette théorie complotiste est rejetée par la communauté scientifique, qui indique qu'il s'agit de simples traînées de condensation.","","Jaune","FFED00","","",""
"","","","","Olivier Demeulenaere : est journaliste économique et financier. Il a étudié à l’Ecole normale supérieure et est diplômé de l’Institut d’études politiques de Paris. 

Il ne travaille plus pour des médias mais tient un blog et écrit des contenus sur de sites tels qu'Égalité & Réconciliation, Profession Gendarme, Réseau Voltaire.","","Rouge","E30613","","",""
"Image","Images/FPF_Image5.jpg","Images/FPF_Image5_M.png","Fiable","France 3 région : l'auteur de l'article est la rédaction de France 3 région, qui est l'antenne locale de France 3, un média public.","","Rouge","E30613","Un village gaulois incroyable ! Mais vrai ! Ton analyse était bonne, cet article est bien une vraie information.","Même si le titre est un peu accrocheur, il s'agissait bien d'une vraie information ! France 3 région est un média public, en général leurs informations sont vérifiées et véridiques.","Tu peux lire l'article en entier en scrollant l'image ! Essaie de cliquer sur les noms, titres et sources de l'article pour trouver des indices qui te permettront de savoir si ce contenu est faux ou non."
"","","","","L'article cite explicitement les noms des personnes et du lieu du reportage. C'est souvent un bon signe car cela permet de vérifier par nous-même si l'information est fiable en cherchant les noms et lieux sur un moteur de recherche afin de croiser ses sources.","","Vert","3AAA35","","",""
"Video","Images/FPF_video9.mp4","","Fiable","","","","","Cette information paraît folle mais est bien réelle ! La vidéo est tirée du compte C quoi l'Info, une émission de France Télévision.","Cette information paraît folle mais est bien réelle ! La vidéo est tirée du compte C quoi l'Info, une émission de France Télévision.","Pas d'indices à trouver en cliquant sur la vidéo ! Qu'en penses-tu ? Cette nouvelle semble incroyable non ? La vidéo est tirée du compte C quoi l'Info, ça vaudrait le coup d'aller faire quelques recherches sur internet."
"Video","Images/FPF_video6.mp4","","Fake","","","","","C'était pas facile ! Effectivement il s'agissait bien d'un montage généré par Intelligence Artificielle (IA). Il faut vraiment rester attentif maintenant pour ne pas se faire avoir !","C'était bien une vidéo truquée dont l'audio a été généré par Intelligence Artificielle (IA) ! Tu peux t'en apercevoir notamment parce que l'intonnation de Michel Barnier est étrange, très saccadée. Les montages générés par IA sont de plus en plus réalistes, sois bien attentif aux détails !","C'est incroyable cette annonce ! La vidéo semble venir du JT de TF1, donc une source fiable, mais d'un autre côté tu ne trouves pas que la présentatrice et Michel Barnier (ancien premier ministre) parlent bizarrement ?"
"Video","Images/FPF_video7.mp4","","Fake","","","","","C'était bien une fake news ! Une théorie du complot assez connue, présentée via cette vidéo générée intégralement par IA. On la reconnaît grâce à cette voix que l'on entend partout, sur TikTok notamment. C'est ce que l'on pourraît appeler un contenu ""piège à clic"" ou ""clickbait"" en anglais : une histoire incroyable - car souvent fausse - et qui a pour seul but d'être beaucoup visionnée et partagée.","C'était une vidéo générée par IA qui parle d'une théorie du complot assez connue ! Tu avais reconnue cette voix robotique ? Attention, ce genre de vidéo sont très présentes sur les réseaux sociaux car elles sont faciles à produire. C'est ce que l'on pourrait appeler un contenu ""piège à clic"" ou ""clickbait"" en anglais : une histoire incroyable - car souvent fausse - et qui a pour seul but d'être beaucoup visionnée et partagée.","Pas d'indices à trouver en cliquant sur la vidéo, mais je reconnais cette voix ! A chaque fois c'est elle qui raconte des histoires folles sur Tik Tok ! Mais elle ne donne jamais ses sources..."
"Video","Images/FPF_video8.mp4","","Fiable","","","","","Il s'agissait bien d'une véritable information ! ExploreFR est un média très présent sur les réseaux sociaux et qui a pour ligne éditorial un mélange d'informations et de divertissement. Il créer parfois du contenu dit ""piège à clic"" avec un titre accrocheur, mais il est souvent tout de même fiable.","Il s'agissait bien d'une vraie information ! Il y avait quelques indices pour repérer que c'était un vrai travail journalistique : les sources des contenus vidéo étaient citées et mentionnées, la vidéo présente les avantages et les inconvénients de cette innovation, etc. 
ExploreFR est un média très présent sur les réseaux sociaux et qui a pour ligne éditorial un mélange d'informations et de divertissement. Il créer parfois du contenu dit ""piège à clic"" avec un titre accrocheur, mais il est souvent tout de même fiable.","Pas d'indices à trouver en cliquant sur la vidéo ! Qu'en penses-tu ? Cette nouvelle semble incroyable non ? Tu connais Explore Media ? Sur Wikipedia, ce média est présenté comme un mélange de contenus  d'éducation et de divertissement sur les réseaux sociaux."
"Image","Images/FPF_Image2.jpg","Images/FPF_Image2_M.png","Fake","Okay, on est sur un compte Facebook de voyage apparemment, mais je n'ai pas beaucoup plus d'informations ...","","Rouge","E30613","C'était une image générée par IA ! C'était trop beau pour être vrai... Tu as peut-être trouvé que les gens étaient bizarres ou que l'étoile sur le bâtiment semblait flotter, mais plus généralement fais-toi confiance : si ça semble louche, c'est que c'est souvent le cas.","C'était une image générée par IA ! C'était trop beau pour être vrai ! Sur ce genre de contenus, prends le temps de regarder les détails : les gens qui ""glissent"" sur les escaliers ou l'étoile sur le bâtiment qui semble voler, mais plus généralement méfie-toi des comptes qui montrent des choses incroyables sans donner plus de détails.","Oh c'est beau ! J'avais envie de faire une pause sur les réseaux sociaux et je suis tombé sur ce post ! Ca donne trop envie de découvrir l'île de Santorin en Grèce ! Mais as-tu été attentif à tous les détails de la photo ?"
"","","","","En plus de la photo, on nous indique qu'il s'agit d'une photo de l'Ile de Santorin, en Grèce","","Vert","3AAA35","","",""
"","","","","Wouah ! Le post a beaucoup été liké et partagé ! Ça voudrait dire que c'est vrai ?","","Jaune","FFED00","","",""
"Image","Images/FPF_Image3.jpg","Images/FPF_Image3_M.png","Fiable","AFP : Abréviation pour Agence France-Presse, une agence de presse internationale dont la principale mission est de récupérer, vérifier et diffuser une information auprès des médias et des administrations en assurant la neutralité et la fiabilité de cette information.","","Rouge","E30613","Cette histoire fait froid dans le dos … Mais tu avais bien regardé les sources ! Le Dauphiné Libéré relaie l’AFP (Agence France-Presse) qui vérifie toujours ses informations.","Aussi incroyable que cela puisse paraître, cette info est vraie ! Les infos relayées par l’AFP (Agence France-Presse) sont toutes vérifiées en amont et sont donc fiables.","Tu peux lire l'article en entier en scrollant l'image ! Essaie de cliquer sur les noms, titres et sources de l'article pour trouver des indices qui te permettront de savoir si ce contenu est faux ou non."
"","","","","Le Dauphiné Libéré : est un journal quotidien de la presse écrite française régionale.","","Orange","E94E1B","","",""
"","","","","Siteba : Village en Indonésie","","Jaune","FFED00","","",""