"Nom","Média","Reponse","Explication Bravo","Explication Dommage","Indice"
"Image","Images/LBC_Image1.jpg","Autorité","B.Guez a bien été médecin, mais il ne l’est plus. Il a été radié de l’Ordre des Médecins pour avoir convaincu ses patients que l’hydrotomie percutanée (l’injection de sérum physiologique sous la peau) serait un remède miracle à leurs problèmes de santé.","Il s’agissait d’un biais d’autorité. En effet, le livre présente Bernard Guez comme un docteur. Or ce n’est pas parce qu’il a été médecin, que ce n’est pas également un charlatan : il a été radié de l’Ordre des Médecins en 2023 pour avoir vendu à ses patients cette méthode inefficace pour soigner leurs problèmes de santé.","Ce livre semble être écrit par un docteur qui nous révèle un secret pour vaincre plein de maladies différentes... Il est présenté dans le magazine alternative santé."
"Image","Images/LBC_Image2.png","Correlation Illusoire","Aucun lien n'est établit entre ces deux statistiques qui sont pourtant véridiques. D’un côté il existe de meilleurs moyens pour diagnostiquer l’autisme, ce qui explique cette hausse, et de l’autre une hausse des ventes liées aux campagnes marketing pour les produits bios.","C’était un biais de corrélation illusoire. Ce graphique était en fait une fake news humoristique. Il reprend deux études sur des sujets qui n’ont pas de liens mais qui évoluent de manière similaire. Ce n’est pas parce que ça augmente en même temps qu’il y a forcément un lien de cause à effet !","Incroyable ! Ce graphique montre qu’entre 1998 et 2008 il y a eu une hausse des individus diagnostiqués du trouble de l’autisme, alors qu’en parallèle il y a une augmentation de la vente de produits bios ! Les deux seraient liés ?"
"Image","Images/LBC_Image3.png","Picorage","Ces chiffres issus du Ministère de la Justice sont partiellement vrais mais Eric Zemmour mentionne dans son graphique uniquement les années qui lui permettent de prouver son propos. En effet, l’étude montre notamment la baisse de ces chiffres entre 1992 (30%) et 2012 (17,6%). On ne peut donc pas dire qu’il y a une hausse constante ces dernières années comme si c’était un phénomène qui prend de l’ampleur et non maîtrisé.","Il s’agissait en fait d’un biais de picorage ou de cherry picking. Eric Zemmour manipule volontairement son audience en ne reprenant que la période qui lui permet de prouver son propos. Les chiffres complets de l’étude du Ministère de la Justice prouvent au contraire une baisse du nombre d’étrangers écroués en France entre 1992 et 2021 (de 30% à 22%). On notera au passage un petit gonflement du chiffre pour 2021 !","Dans ce graphique, issu du compte twitter d’Eric Zemmour, le nombre d’étrangers en prison en France entre 2010 et 2021 est présenté comme “en hausse constante”. Tu penses que ces dates ont été choisies au hasard ?"
"Video","Images/LBC_Video1.mp4","Autorité","Dans cet exemple, l'homme est présenté comme un ancien medecin-chirurgien, ce qui incite le spectateur à lui faire confiance. Cependant, Jean-Pierre Willem a été radié de l'ordre des médecins en 1987 et est mentionné par la Miviludes, l'organisme chargé d'observer et d'analyser les dérives sectaires, dans son rapport de 2010.","C'était un biais d'autorité car l'homme est présenté comme un ancien medecin-chirurgien, ce qui incite le spectateur à lui faire confiance. Cependant, Jean-Pierre Willem a été radié de l'ordre des médecins en 1987 et est mentionné par la Miviludes, l'organisme chargé d'observer et d'analyser les dérives sectaires, dans son rapport de 2010.","Regarde de quelle manière est présenté cet homme sur la vidéo."
"Video","Images/LBC_Video2.mp4","Autorité","L'homme qui parle mentionne ses ""compétences de physiciens"" pour légitimer la théorie qu'il présente. La théorie selon laquelle l'univers n'existe pas et que l'on vivrait dans une projection holographique est avancée par plusieurs physiciens depuis les années 90 mais aucune étude n'est arrivée à un résultat concret.","C'était un biais d'autorité car l'homme qui parle mentionne ses ""compétences de physiciens"" pour légitimer sa théorie. La théorie selon laquelle l'univers n'existe pas et que l'on vivrait dans une projection holographique est avancée par plusieurs physiciens depuis les années 90 mais aucune étude n'est arrivée à un résultat concret.","Écoute bien ce sur quoi le narrateur s'appuie pour démontrer sa théorie."
"Video","Images/LBC_Video3.MP4","Intentionnalité","Cette vidéo TikTok suggère que certaines chansons et certains symboles, comme le motif en damier, utilisés par des rappeurs et des rappeuses américains, indiqueraient qu'ils sont satanistes. Le rappeur de la vidéo interprète ces motifs simples comme ayant des significations satanistes et les accusent de pratiquer de la sorcellerie mais ne s'appuie sur aucune preuve formelle.","Il s'agit d'un biais d'intentionnalité. Cette vidéo TikTok suggère que certaines chansons et certains symboles, comme le motif en damier, utilisés par des rappeurs et des rappeuses américains, indiqueraient qu'ils sont satanistes. Le rappeur de la vidéo interprète ces motifs simples comme ayant des significations satanistes et les accusent de pratiquer de la sorcellerie mais ne s'appuie sur aucune preuve formelle.","Penses-tu que tout ce qui est dit est lié ? "
"Image","Images/LBC_Image7.jpg","Intentionnalité","Le tweet suggère que les ouragans Helene et Milton sont des événements intentionnellement provoqués par des technologies de manipulation climatique comme HAARP, plutôt que des phénomènes naturels. Le biais d'intentionnalité pousse ici les gens à croire qu'il y a une intention humaine cachée derrière des événements naturels, transformant des catastrophes en ""armes"".","Il s'agit d'un biais d'intentionnalité. Le tweet suggère que les ouragans Helene et Milton sont des événements intentionnellement provoqués par des technologies de manipulation climatique comme HAARP, plutôt que des phénomènes naturels. Le biais d'intentionnalité pousse ici les gens à croire qu'il y a une intention humaine cachée derrière des événements naturels, transformant des catastrophes en ""armes"".","Je me demande d'où il tire son information. Les phénomènes climatiques de ce genre ne sont pas provoqués par l'homme."
"video","Images/LBC_Video4.mp4","Correlation Illusoire","Aucune étude sérieuse n'a prouvé le lien entre la consommation de chocolat et le nombre de lauréats du prix Nobel. Ce graphique associe deux éléments qui ne sont pas corrélés.","Il s'agit d'un exemple typique du biais de corrélation illusoire. Aucune étude sérieuse n'a prouvé le lien entre la consommation de chocolat et le nombre de lauréats du prix Nobel. Ce graphique associe deux éléments qui ne sont pas corrélés.","La consommation de chocolat et le nombre de prix Nobel seraient liés l'un à l'autre ?"
"video","Images/LBC_Video5.mp4","Correlation Illusoire","La vidéo associe deux phénomènes distincts : le sommeil et le cycle lunaire. La présentatrice ne sépare pas réellement ces deux sujets, ce qui peut amener le spectateur à penser qu'ils sont liés. L'étude de 2013 mentionnée dans la vidéo est peu fiable car les chercheurs n'ont enregistré le sommeil que sur une à trois semaines, rendant impossible le suivi d'un cycle lunaire complet pour une même personne. De plus, aucune vérification n'a été faite pour s'assurer que les groupes d'étude enregistrés à la nouvelle lune et à la pleine lune étaient comparables en termes d'âge, de sexe, etc. Enfin, les chercheurs n'ont pas pu démontrer que les variations de sommeil n'étaient pas dues à d'autres facteurs.","Il s'agit d'un biais de corrélation illusoire. 

La vidéo associe deux phénomènes distincts : le sommeil et le cycle lunaire. 

La présentatrice ne sépare pas réellement ces deux sujets, ce qui peut amener le spectateur à penser qu'ils sont liés. L'étude de 2013 mentionnée dans la vidéo est peu fiable car les chercheurs n'ont enregistré le sommeil que sur une à trois semaines, rendant impossible le suivi d'un cycle lunaire complet pour une même personne. De plus, aucune vérification n'a été faite pour s'assurer que les groupes d'étude enregistrés à la nouvelle lune et à la pleine lune étaient comparables en termes d'âge, de sexe, etc. Enfin, les chercheurs n'ont pas pu démontrer que les variations de sommeil n'étaient pas dues à d'autres facteurs.","Cela voudrait dire que si je dors mal, il s'agit forcément de la pleine lune ? "